phase,title,status,log,summary
02,Finance (GL; AP; AR; Cash/Bank; Recs; VAT; Fixed Assets; Period Close; FX),PASS,reports/phase-02-Finance_(GL,_AP,_AR,_Bank_&_Cash,_Reconciliation,_VAT,_Fixed_Assets,_Period_Close,_FX,_Costing)-20250906155119.log,reports/phase-02-Finance_(GL,_AP,_AR,_Bank_&_Cash,_Reconciliation,_VAT,_Fixed_Assets,_Period_Close,_FX,_Costing)-20250906155119.md
03,Inventory & WMS (Items; Lots/Serials; Warehouses; Movements; ASN/Wave/3PL; Cycle Count; Quality/CAPA),PASS,reports/phase-03-Inventory_&_WMS_(Items,_Lots,_Warehouses,_Movements,_ASN_Wave_3PL,_Cycle_Count,_Quality_CAPA)-20250906155218.log,reports/phase-03-Inventory_&_WMS_(Items,_Lots,_Warehouses,_Movements,_ASN_Wave_3PL,_Cycle_Count,_Quality_CAPA)-20250906155218.md
04,Manufacturing (BOM; Routings; Work Orders; MRP/APS; Capacity; Maintenance; PLM),PASS,reports/phase-04-Manufacturing_(BOM_&_Routings,_Work_Orders,_MRP,_Capacity,_APS,_Maintenance,_PLM)-20250906155315.log,reports/phase-04-Manufacturing_(BOM_&_Routings,_Work_Orders,_MRP,_Capacity,_APS,_Maintenance,_PLM)-20250906155315.md
05,Sales & CRM (Leads; Opps; Quotes; Orders; Returns; CRM & Marketplaces),PASS,reports/phase-05-Sales_&_CRM_(Leads,_Opportunities,_Quotes,_Sales_Orders,_Returns,_CRM_Integrations,_Marketplace)-20250906155413.log,reports/phase-05-Sales_&_CRM_(Leads,_Opportunities,_Quotes,_Sales_Orders,_Returns,_CRM_Integrations,_Marketplace)-20250906155413.md
06,Purchasing (Requisitions; POs; Receipts; Supplier Invoices; Payments),PASS,reports/phase-06-Purchasing_(Requisitions,_POs,_Supplier_Invoices_&_Payments)-20250906155511.log,reports/phase-06-Purchasing_(Requisitions,_POs,_Supplier_Invoices_&_Payments)-20250906155511.md
07,Projects (Projects; Tasks; Time/Cost; Billing; Profitability),PASS,reports/phase-07-Projects_(Projects_&_Tasks,_Costing_&_Billing)-20250906155609.log,reports/phase-07-Projects_(Projects_&_Tasks,_Costing_&_Billing)-20250906155609.md
08,Compliance & Tax (GDPR Tools; Audit; CIS; VAT MTD — HMRC keys required),PASS,reports/phase-08-Compliance_&_Tax_(GDPR_Tools_&_Audit,_CIS,_VAT)-20250906155707.log,reports/phase-08-Compliance_&_Tax_(GDPR_Tools_&_Audit,_CIS,_VAT)-20250906155707.md
09,Banking & Billing (Open Banking; Billing/Metering; Stripe — TrueLayer & Stripe keys required),PASS,reports/phase-09-Banking_&_Billing_(Open_Banking,_Billing_&_Metering,_Stripe_Payments)-20250906155805.log,reports/phase-09-Banking_&_Billing_(Open_Banking,_Billing_&_Metering,_Stripe_Payments)-20250906155805.md
10,POS (Stripe Terminal; Receipts; Offline Park→Sync; X/Z — Stripe Terminal & webhook secret required),PASS,reports/phase-10-POS_(Stripe_Terminal:_Intent,_Capture,_Refund_+_Webhooks,_Reconciliation,_X_Z)-20250906155903.log,reports/phase-10-POS_(Stripe_Terminal:_Intent,_Capture,_Refund_+_Webhooks,_Reconciliation,_X_Z)-20250906155903.md
11,Enterprise & Analytics (Multi-entity/currency; Consolidation; Intercompany; Dashboards; SIEM),PASS,reports/phase-11-Enterprise_&_Analytics_(Intercompany,_Consolidation,_Multi-Entity_Currency,_Dashboards,_SIEM)-20250906160000.log,reports/phase-11-Enterprise_&_Analytics_(Intercompany,_Consolidation,_Multi-Entity_Currency,_Dashboards,_SIEM)-20250906160000.md
12,AI & Automation (Nexa AI Assist; OCR/Doc AI; Predictive; Workflows/Jobs; Notifications — BYOK/Twilio optional),PASS,reports/phase-12-AI_&_Automation_(Nexa_AI_Assist,_OCR_Doc_AI,_Predictive,_Workflows_Jobs,_Notifications)-20250906160058.log,reports/phase-12-AI_&_Automation_(Nexa_AI_Assist,_OCR_Doc_AI,_Predictive,_Workflows_Jobs,_Notifications)-20250906160058.md
13,Mobile & PWA (Installable PWA; Offline Queue; Push Endpoints),PASS,reports/phase-13-Mobile_&_PWA_(PWA_install,_Offline_queue,_Push_endpoints)-20250906160156.log,reports/phase-13-Mobile_&_PWA_(PWA_install,_Offline_queue,_Push_endpoints)-20250906160156.md
14,Settings & Connectors (M365; Google; HMRC; TrueLayer; Stripe; Shopify/Amazon/eBay; API Keys; Backups/DR — keys required),PASS,reports/phase-14-Settings_&_Connectors_(M365,_Google,_HMRC_VAT,_TrueLayer,_Shopify,_Amazon,_eBay,_API_Keys,_Rate_Limits,_Backups_DR)-20250906160254.log,reports/phase-14-Settings_&_Connectors_(M365,_Google,_HMRC_VAT,_TrueLayer,_Shopify,_Amazon,_eBay,_API_Keys,_Rate_Limits,_Backups_DR)-20250906160254.md
15,Hardening & Release (CSP nonces; SoD tests; Restore drill; Webhook replay; Data-retention; Final Build),PASS,reports/phase-15-Hardening_&_Release_(CSP_nonces,_SoD_matrix_tests,_Restore_drill,_Webhook_replay_harness,_Data-retention_jobs,_Final_Build)-20250906160352.log,reports/phase-15-Hardening_&_Release_(CSP_nonces,_SoD_matrix_tests,_Restore_drill,_Webhook_replay_harness,_Data-retention_jobs,_Final_Build)-20250906160352.md
